{
  "run_id": "20251219_235258",
  "timestamp": "2025-12-19T23:53:20.701942+00:00",
  "aggregate_metrics": {
    "operational_metrics": {
      "error_rate": 0.0,
      "timeout_rate": 0.0,
      "empty_response_rate": 0.0,
      "coverage_by_doc_type": {}
    },
    "latency": {
      "p50_ms": 2455.3799629211426,
      "p95_ms": 2989.7470474243164,
      "total_ms": 22106.659650802612
    },
    "recall_at_k_avg": 0.7,
    "mrr_avg": 0.52,
    "precision_at_k_avg": 0.16,
    "scope_miss_rate": 0.2,
    "attribution_hit_rate": 0.8,
    "groundedness_avg": 3.0,
    "correctness_avg": 4.2
  },
  "config_hash": "6329e097fc497a59",
  "eval_set_commit_hash": "5a105241ba75c516a0a118cb8ce62c7cf7c5c87f"
}