{
  "run_id": "20251219_232715",
  "timestamp": "2025-12-19T23:27:36.351587+00:00",
  "aggregate_metrics": {
    "operational_metrics": {
      "error_rate": 0.0,
      "timeout_rate": 0.0,
      "empty_response_rate": 0.0,
      "coverage_by_doc_type": {}
    },
    "latency": {
      "p50_ms": 2128.917932510376,
      "p95_ms": 3028.978109359741,
      "total_ms": 21080.437183380127
    },
    "recall_at_k_avg": 0.1,
    "mrr_avg": 0.05,
    "precision_at_k_avg": 0.02,
    "scope_miss_rate": 0.8,
    "attribution_hit_rate": 0.1,
    "groundedness_avg": 2.8,
    "correctness_avg": 4.1
  },
  "config_hash": "6329e097fc497a59",
  "eval_set_commit_hash": "5a105241ba75c516a0a118cb8ce62c7cf7c5c87f"
}